Question,Answer
What is pancreatic cancer?,Pancreatic cancer is a disease in which malignant (cancer) cells form in the tissues of the pancreas.
What are the symptoms of pancreatic cancer?,"Symptoms include jaundice, abdominal pain, weight loss, nausea, and new-onset diabetes."
How common is pancreatic cancer?,Pancreatic cancer is the 12th most common cancer worldwide but has one of the lowest survival rates.
What causes pancreatic cancer?,"The exact cause is unknown, but risk factors include smoking, obesity, chronic pancreatitis, and genetic mutations."
Can pancreatic cancer be prevented?,"While not entirely preventable, reducing risk factors like smoking, obesity, and maintaining a healthy diet may help."
Is pancreatic cancer hereditary?,About 10% of cases are hereditary. Genetic testing can help assess risk in families with a history of the disease.
How is pancreatic cancer diagnosed?,"Diagnosis includes imaging tests like CT, MRI, and PET scans, along with biopsy and tumor marker tests."
What is the role of CA 19-9 in pancreatic cancer?,CA 19-9 is a tumor marker that can help monitor pancreatic cancer but is not reliable for early diagnosis.
Can pancreatic cancer be cured?,"It can be cured if detected early and surgically removed, but most cases are diagnosed at an advanced stage."
What are the treatment options for pancreatic cancer?,"Treatments include surgery, chemotherapy, radiation therapy, targeted therapy, and immunotherapy."
What is the survival rate of pancreatic cancer?,The five-year survival rate is around 10% but varies depending on the stage at diagnosis.
What are the early signs of pancreatic cancer?,"Early signs may include unexplained weight loss, digestive issues, back pain, and jaundice."
What is the Whipple procedure?,"The Whipple procedure is a surgery to remove part of the pancreas, small intestine, gallbladder, and bile duct."
Can diabetes be a sign of pancreatic cancer?,"Yes, sudden onset diabetes, especially in older adults, can sometimes be an early indicator of pancreatic cancer."
What is the link between smoking and pancreatic cancer?,Smoking is a major risk factor and increases the risk of pancreatic cancer by about two to three times.
How does obesity affect pancreatic cancer risk?,"Obesity is linked to a higher risk of pancreatic cancer, likely due to inflammation and insulin resistance."
Can pancreatic cysts turn into cancer?,"Some pancreatic cysts, like mucinous cysts, have the potential to become cancerous over time."
What is the function of the pancreas?,The pancreas produces insulin to regulate blood sugar and digestive enzymes to help break down food.
What is pancreatic adenocarcinoma?,"Pancreatic adenocarcinoma is the most common type of pancreatic cancer, arising from exocrine cells."
What are neuroendocrine pancreatic tumors?,These are rare tumors that arise from hormone-producing cells in the pancreas and may grow slower than adenocarcinoma.
How does pancreatic cancer spread?,"It can spread through the lymphatic system, blood, and nearby organs such as the liver and lungs."
Are there screening tests for pancreatic cancer?,"Currently, there are no standard screening tests, but high-risk individuals may undergo imaging tests."
What foods increase pancreatic cancer risk?,"Diets high in red and processed meats, fried foods, and sugary drinks may increase the risk."
What foods help lower pancreatic cancer risk?,"A diet rich in fruits, vegetables, whole grains, and lean proteins may help lower the risk."
What is palliative care for pancreatic cancer?,Palliative care focuses on symptom relief and improving quality of life for patients with advanced cancer.
Can pancreatic cancer cause digestive problems?,"Yes, it can interfere with digestion by blocking bile ducts and affecting enzyme production."
How does pancreatic cancer cause jaundice?,"It blocks the bile duct, causing bile to build up in the blood, leading to yellowing of the skin and eyes."
Does alcohol increase pancreatic cancer risk?,"Heavy alcohol consumption can lead to chronic pancreatitis, which increases the risk of pancreatic cancer."
What is the connection between pancreatitis and pancreatic cancer?,Chronic pancreatitis is a significant risk factor for developing pancreatic cancer over time.
Are there any genetic tests for pancreatic cancer?,"Yes, genetic testing can identify inherited mutations like BRCA1, BRCA2, and PALB2 linked to pancreatic cancer."
How does pancreatic cancer affect blood sugar levels?,It can cause diabetes by damaging insulin-producing cells in the pancreas.
Can pancreatic cancer be treated with immunotherapy?,Immunotherapy is being studied for pancreatic cancer but is not yet a standard treatment.
What role does radiation therapy play in treating pancreatic cancer?,Radiation therapy helps shrink tumors and may be used before or after surgery.
What is targeted therapy for pancreatic cancer?,Targeted therapy uses drugs that specifically attack cancer cells with certain mutations.
Can pancreatic cancer cause depression or anxiety?,"Yes, many patients experience emotional distress due to the diagnosis and treatment challenges."
Is there a vaccine for pancreatic cancer?,"There is no approved vaccine, but researchers are studying potential vaccines in clinical trials."
What is the role of clinical trials in pancreatic cancer treatment?,"Clinical trials test new treatments, offering patients access to experimental therapies."
How can family members support someone with pancreatic cancer?,"Providing emotional support, helping with medical appointments, and assisting with daily tasks can be beneficial."
What is the difference between benign and malignant pancreatic tumors?,"Benign tumors do not spread and are not cancerous, while malignant tumors grow uncontrollably and can spread."
Can pancreatic cancer be detected early?,"Early detection is difficult, but high-risk individuals may undergo screening with imaging tests."
What are the risk factors for pancreatic cancer?,"Risk factors include smoking, obesity, chronic pancreatitis, diabetes, and genetic mutations."
How does chronic pancreatitis relate to pancreatic cancer?,Chronic inflammation in the pancreas increases the risk of cancer development over time.
Can pancreatic cancer cause weight loss?,"Yes, unintended weight loss is a common symptom due to metabolism changes and appetite loss."
What is the impact of pancreatic cancer on digestion?,"It can reduce enzyme production, leading to poor digestion and malabsorption of nutrients."
Are pancreatic cysts always cancerous?,"No, most pancreatic cysts are benign, but some can become cancerous over time."
How does pancreatic cancer affect liver function?,"It can spread to the liver, causing dysfunction and symptoms like jaundice and bloating."
What is a pancreatic biopsy?,A biopsy involves taking a tissue sample from the pancreas to confirm the presence of cancer.
What is the role of endoscopic ultrasound in diagnosis?,Endoscopic ultrasound (EUS) helps visualize the pancreas and guide biopsies.
Can pancreatic cancer cause fatigue?,"Yes, cancer-related fatigue is common due to metabolic changes, weight loss, and treatment side effects."
Does pancreatic cancer affect bowel movements?,"Yes, it can cause diarrhea, constipation, or pale-colored stools due to bile duct obstruction."
Can stress increase the risk of pancreatic cancer?,"There is no direct link, but chronic stress can contribute to unhealthy lifestyle choices that increase risk."
What is a distal pancreatectomy?,"A distal pancreatectomy is a surgery to remove the body and tail of the pancreas, often for tumors in those areas."
What is a total pancreatectomy?,"A total pancreatectomy removes the entire pancreas and part of nearby organs, leading to lifelong diabetes."
Can pancreatic cancer cause blood clots?,"Yes, pancreatic cancer increases the risk of deep vein thrombosis (DVT) and other clotting disorders."
How does pancreatic cancer affect appetite?,"It can cause loss of appetite due to metabolic changes, nausea, and digestion problems."
What is the connection between BRCA mutations and pancreatic cancer?,"BRCA1 and BRCA2 mutations increase the risk of pancreatic cancer, especially in families with a history of the disease."
Can pancreatic cancer spread to the brain?,"Though rare, advanced pancreatic cancer can metastasize to the brain."
What is the role of aspirin in pancreatic cancer prevention?,"Some studies suggest aspirin use may lower the risk, but more research is needed."
What is the role of bile in digestion?,"Bile helps break down fats, and its obstruction in pancreatic cancer can cause digestive issues."
Can pancreatic cancer cause high blood sugar levels?,"Yes, pancreatic tumors can interfere with insulin production, leading to diabetes."
What is the best diet for pancreatic cancer patients?,"A low-fat, high-protein diet with small, frequent meals and enzyme supplements is often recommended."
Can pancreatic cancer affect kidney function?,"Yes, advanced pancreatic cancer can impact kidney function due to dehydration and metabolic changes."
How does pancreatic cancer affect mental health?,"Many patients experience anxiety, depression, and emotional distress due to their diagnosis."
Can pancreatic cancer cause skin itching?,"Yes, bile duct obstruction can lead to jaundice and severe itching."
Are there vaccines available to prevent pancreatic cancer?,"No, but research is ongoing to develop vaccines for pancreatic cancer prevention and treatment."
Can pancreatic cancer cause difficulty swallowing?,"Yes, tumors pressing on the digestive tract can lead to swallowing difficulties."
How do doctors determine pancreatic cancer stage?,"Staging is based on tumor size, lymph node involvement, and metastasis using imaging tests and biopsies."
What is the role of a gastroenterologist in pancreatic cancer?,A gastroenterologist helps diagnose and manage symptoms related to digestion and the pancreas.
Can pancreatic cancer cause fluid buildup in the abdomen?,"Yes, advanced pancreatic cancer can lead to ascites, causing fluid accumulation in the abdomen."
Is surgery always an option for pancreatic cancer?,"No, only patients with localized tumors may qualify for surgery. Advanced cases are treated with other methods."
What is stereotactic body radiation therapy (SBRT)?,SBRT is a precise form of radiation therapy used to target pancreatic tumors with minimal damage to nearby tissues.
Can herbal remedies cure pancreatic cancer?,"No, but some herbs may help with symptom management. Always consult a doctor before using alternative treatments."
What is the most aggressive form of pancreatic cancer?,Pancreatic adenocarcinoma is the most aggressive and common form of pancreatic cancer.
Can pancreatic cancer cause a blocked stomach?,"Yes, tumors can block the stomach outlet, causing nausea and vomiting."
Can pancreatic cancer return after treatment?,"Yes, pancreatic cancer has a high recurrence rate, even after successful treatment."
How does pancreatic cancer cause back pain?,"The tumor may press on nerves or nearby organs, causing persistent back pain."
What is the role of nanotechnology in pancreatic cancer treatment?,Nanotechnology is being researched for targeted drug delivery to pancreatic tumors.
Can pancreatic cancer affect the gallbladder?,"Yes, bile duct obstruction can cause gallbladder swelling and inflammation."
What is pancreatic cancer?,Pancreatic cancer is a disease in which malignant (cancer) cells form in the tissues of the pancreas.
What are the symptoms of pancreatic cancer?,"Symptoms include jaundice, abdominal pain, weight loss, nausea, and new-onset diabetes."
How common is pancreatic cancer?,Pancreatic cancer is the 12th most common cancer worldwide but has one of the lowest survival rates.
What causes pancreatic cancer?,"The exact cause is unknown, but risk factors include smoking, obesity, chronic pancreatitis, and genetic mutations."
Can pancreatic cancer be prevented?,"While not entirely preventable, reducing risk factors like smoking, obesity, and maintaining a healthy diet may help."
Is pancreatic cancer hereditary?,About 10% of cases are hereditary. Genetic testing can help assess risk in families with a history of the disease.
How is pancreatic cancer diagnosed?,"Diagnosis includes imaging tests like CT, MRI, and PET scans, along with biopsy and tumor marker tests."
What is the role of CA 19-9 in pancreatic cancer?,CA 19-9 is a tumor marker that can help monitor pancreatic cancer but is not reliable for early diagnosis.
Can pancreatic cancer be cured?,"It can be cured if detected early and surgically removed, but most cases are diagnosed at an advanced stage."
What are the treatment options for pancreatic cancer?,"Treatments include surgery, chemotherapy, radiation therapy, targeted therapy, and immunotherapy."
What is the survival rate of pancreatic cancer?,The five-year survival rate is around 10% but varies depending on the stage at diagnosis.
What are the early signs of pancreatic cancer?,"Early signs may include unexplained weight loss, digestive issues, back pain, and jaundice."
What is the Whipple procedure?,"The Whipple procedure is a surgery to remove part of the pancreas, small intestine, gallbladder, and bile duct."
Can diabetes be a sign of pancreatic cancer?,"Yes, sudden onset diabetes, especially in older adults, can sometimes be an early indicator of pancreatic cancer."
What is the link between smoking and pancreatic cancer?,Smoking is a major risk factor and increases the risk of pancreatic cancer by about two to three times.
How does obesity affect pancreatic cancer risk?,"Obesity is linked to a higher risk of pancreatic cancer, likely due to inflammation and insulin resistance."
Can pancreatic cysts turn into cancer?,"Some pancreatic cysts, like mucinous cysts, have the potential to become cancerous over time."
What is the function of the pancreas?,The pancreas produces insulin to regulate blood sugar and digestive enzymes to help break down food.
What is pancreatic adenocarcinoma?,"Pancreatic adenocarcinoma is the most common type of pancreatic cancer, arising from exocrine cells."
What are neuroendocrine pancreatic tumors?,These are rare tumors that arise from hormone-producing cells in the pancreas and may grow slower than adenocarcinoma.
How does pancreatic cancer spread?,"It can spread through the lymphatic system, blood, and nearby organs such as the liver and lungs."
Are there screening tests for pancreatic cancer?,"Currently, there are no standard screening tests, but high-risk individuals may undergo imaging tests."
What foods increase pancreatic cancer risk?,"Diets high in red and processed meats, fried foods, and sugary drinks may increase the risk."
What foods help lower pancreatic cancer risk?,"A diet rich in fruits, vegetables, whole grains, and lean proteins may help lower the risk."
What is palliative care for pancreatic cancer?,Palliative care focuses on symptom relief and improving quality of life for patients with advanced cancer.
Can pancreatic cancer cause digestive problems?,"Yes, it can interfere with digestion by blocking bile ducts and affecting enzyme production."
How does pancreatic cancer cause jaundice?,"It blocks the bile duct, causing bile to build up in the blood, leading to yellowing of the skin and eyes."
Does alcohol increase pancreatic cancer risk?,"Heavy alcohol consumption can lead to chronic pancreatitis, which increases the risk of pancreatic cancer."
What is the connection between pancreatitis and pancreatic cancer?,Chronic pancreatitis is a significant risk factor for developing pancreatic cancer over time.
Are there any genetic tests for pancreatic cancer?,"Yes, genetic testing can identify inherited mutations like BRCA1, BRCA2, and PALB2 linked to pancreatic cancer."
How does pancreatic cancer affect blood sugar levels?,It can cause diabetes by damaging insulin-producing cells in the pancreas.
Can pancreatic cancer be treated with immunotherapy?,Immunotherapy is being studied for pancreatic cancer but is not yet a standard treatment.
What role does radiation therapy play in treating pancreatic cancer?,Radiation therapy helps shrink tumors and may be used before or after surgery.
What is targeted therapy for pancreatic cancer?,Targeted therapy uses drugs that specifically attack cancer cells with certain mutations.
Can pancreatic cancer cause depression or anxiety?,"Yes, many patients experience emotional distress due to the diagnosis and treatment challenges."
Is there a vaccine for pancreatic cancer?,"There is no approved vaccine, but researchers are studying potential vaccines in clinical trials."
What is the role of clinical trials in pancreatic cancer treatment?,"Clinical trials test new treatments, offering patients access to experimental therapies."
How can family members support someone with pancreatic cancer?,"Providing emotional support, helping with medical appointments, and assisting with daily tasks can be beneficial."
What is the difference between benign and malignant pancreatic tumors?,"Benign tumors do not spread and are not cancerous, while malignant tumors grow uncontrollably and can spread."
Can pancreatic cancer be detected early?,"Early detection is difficult, but high-risk individuals may undergo screening with imaging tests."
What are the risk factors for pancreatic cancer?,"Risk factors include smoking, obesity, chronic pancreatitis, diabetes, and genetic mutations."
How does chronic pancreatitis relate to pancreatic cancer?,Chronic inflammation in the pancreas increases the risk of cancer development over time.
Can pancreatic cancer cause weight loss?,"Yes, unintended weight loss is a common symptom due to metabolism changes and appetite loss."
What is the impact of pancreatic cancer on digestion?,"It can reduce enzyme production, leading to poor digestion and malabsorption of nutrients."
Are pancreatic cysts always cancerous?,"No, most pancreatic cysts are benign, but some can become cancerous over time."
How does pancreatic cancer affect liver function?,"It can spread to the liver, causing dysfunction and symptoms like jaundice and bloating."
What is a pancreatic biopsy?,A biopsy involves taking a tissue sample from the pancreas to confirm the presence of cancer.
What is the role of endoscopic ultrasound in diagnosis?,Endoscopic ultrasound (EUS) helps visualize the pancreas and guide biopsies.
Can pancreatic cancer cause fatigue?,"Yes, cancer-related fatigue is common due to metabolic changes, weight loss, and treatment side effects."
Does pancreatic cancer affect bowel movements?,"Yes, it can cause diarrhea, constipation, or pale-colored stools due to bile duct obstruction."
Can stress increase the risk of pancreatic cancer?,"There is no direct link, but chronic stress can contribute to unhealthy lifestyle choices that increase risk."
What is a distal pancreatectomy?,"A distal pancreatectomy is a surgery to remove the body and tail of the pancreas, often for tumors in those areas."
What is a total pancreatectomy?,"A total pancreatectomy removes the entire pancreas and part of nearby organs, leading to lifelong diabetes."
Can pancreatic cancer cause blood clots?,"Yes, pancreatic cancer increases the risk of deep vein thrombosis (DVT) and other clotting disorders."
How does pancreatic cancer affect appetite?,"It can cause loss of appetite due to metabolic changes, nausea, and digestion problems."
What is the connection between BRCA mutations and pancreatic cancer?,"BRCA1 and BRCA2 mutations increase the risk of pancreatic cancer, especially in families with a history of the disease."
Can pancreatic cancer spread to the brain?,"Though rare, advanced pancreatic cancer can metastasize to the brain."
What is the role of aspirin in pancreatic cancer prevention?,"Some studies suggest aspirin use may lower the risk, but more research is needed."
What is the role of bile in digestion?,"Bile helps break down fats, and its obstruction in pancreatic cancer can cause digestive issues."
Can pancreatic cancer cause high blood sugar levels?,"Yes, pancreatic tumors can interfere with insulin production, leading to diabetes."
What is the best diet for pancreatic cancer patients?,"A low-fat, high-protein diet with small, frequent meals and enzyme supplements is often recommended."
Can pancreatic cancer affect kidney function?,"Yes, advanced pancreatic cancer can impact kidney function due to dehydration and metabolic changes."
How does pancreatic cancer affect mental health?,"Many patients experience anxiety, depression, and emotional distress due to their diagnosis."
Can pancreatic cancer cause skin itching?,"Yes, bile duct obstruction can lead to jaundice and severe itching."
Are there vaccines available to prevent pancreatic cancer?,"No, but research is ongoing to develop vaccines for pancreatic cancer prevention and treatment."
Can pancreatic cancer cause difficulty swallowing?,"Yes, tumors pressing on the digestive tract can lead to swallowing difficulties."
How do doctors determine pancreatic cancer stage?,"Staging is based on tumor size, lymph node involvement, and metastasis using imaging tests and biopsies."
What is the role of a gastroenterologist in pancreatic cancer?,A gastroenterologist helps diagnose and manage symptoms related to digestion and the pancreas.
Can pancreatic cancer cause fluid buildup in the abdomen?,"Yes, advanced pancreatic cancer can lead to ascites, causing fluid accumulation in the abdomen."
Is surgery always an option for pancreatic cancer?,"No, only patients with localized tumors may qualify for surgery. Advanced cases are treated with other methods."
What is stereotactic body radiation therapy (SBRT)?,SBRT is a precise form of radiation therapy used to target pancreatic tumors with minimal damage to nearby tissues.
Can herbal remedies cure pancreatic cancer?,"No, but some herbs may help with symptom management. Always consult a doctor before using alternative treatments."
What is the most aggressive form of pancreatic cancer?,Pancreatic adenocarcinoma is the most aggressive and common form of pancreatic cancer.
Can pancreatic cancer cause a blocked stomach?,"Yes, tumors can block the stomach outlet, causing nausea and vomiting."
Can pancreatic cancer return after treatment?,"Yes, pancreatic cancer has a high recurrence rate, even after successful treatment."
How does pancreatic cancer cause back pain?,"The tumor may press on nerves or nearby organs, causing persistent back pain."
What is the role of nanotechnology in pancreatic cancer treatment?,Nanotechnology is being researched for targeted drug delivery to pancreatic tumors.
Can pancreatic cancer affect the gallbladder?,"Yes, bile duct obstruction can cause gallbladder swelling and inflammation."
What is pancreatic cancer?,Pancreatic cancer is a disease in which malignant (cancer) cells form in the tissues of the pancreas.
What are the symptoms of pancreatic cancer?,"Symptoms include jaundice, abdominal pain, weight loss, nausea, and new-onset diabetes."
How common is pancreatic cancer?,Pancreatic cancer is the 12th most common cancer worldwide but has one of the lowest survival rates.
What causes pancreatic cancer?,"The exact cause is unknown, but risk factors include smoking, obesity, chronic pancreatitis, and genetic mutations."
Can pancreatic cancer be prevented?,"While not entirely preventable, reducing risk factors like smoking, obesity, and maintaining a healthy diet may help."
Is pancreatic cancer hereditary?,About 10% of cases are hereditary. Genetic testing can help assess risk in families with a history of the disease.
How is pancreatic cancer diagnosed?,"Diagnosis includes imaging tests like CT, MRI, and PET scans, along with biopsy and tumor marker tests."
What is the role of CA 19-9 in pancreatic cancer?,CA 19-9 is a tumor marker that can help monitor pancreatic cancer but is not reliable for early diagnosis.
Can pancreatic cancer be cured?,"It can be cured if detected early and surgically removed, but most cases are diagnosed at an advanced stage."
What are the treatment options for pancreatic cancer?,"Treatments include surgery, chemotherapy, radiation therapy, targeted therapy, and immunotherapy."
What is the survival rate of pancreatic cancer?,The five-year survival rate is around 10% but varies depending on the stage at diagnosis.
What are the early signs of pancreatic cancer?,"Early signs may include unexplained weight loss, digestive issues, back pain, and jaundice."
What is the Whipple procedure?,"The Whipple procedure is a surgery to remove part of the pancreas, small intestine, gallbladder, and bile duct."
Can diabetes be a sign of pancreatic cancer?,"Yes, sudden onset diabetes, especially in older adults, can sometimes be an early indicator of pancreatic cancer."
What is the link between smoking and pancreatic cancer?,Smoking is a major risk factor and increases the risk of pancreatic cancer by about two to three times.
How does obesity affect pancreatic cancer risk?,"Obesity is linked to a higher risk of pancreatic cancer, likely due to inflammation and insulin resistance."
Can pancreatic cysts turn into cancer?,"Some pancreatic cysts, like mucinous cysts, have the potential to become cancerous over time."
What is the function of the pancreas?,The pancreas produces insulin to regulate blood sugar and digestive enzymes to help break down food.
What is pancreatic adenocarcinoma?,"Pancreatic adenocarcinoma is the most common type of pancreatic cancer, arising from exocrine cells."
What are neuroendocrine pancreatic tumors?,These are rare tumors that arise from hormone-producing cells in the pancreas and may grow slower than adenocarcinoma.
How does pancreatic cancer spread?,"It can spread through the lymphatic system, blood, and nearby organs such as the liver and lungs."
Are there screening tests for pancreatic cancer?,"Currently, there are no standard screening tests, but high-risk individuals may undergo imaging tests."
What foods increase pancreatic cancer risk?,"Diets high in red and processed meats, fried foods, and sugary drinks may increase the risk."
What foods help lower pancreatic cancer risk?,"A diet rich in fruits, vegetables, whole grains, and lean proteins may help lower the risk."
What is palliative care for pancreatic cancer?,Palliative care focuses on symptom relief and improving quality of life for patients with advanced cancer.
Can pancreatic cancer cause digestive problems?,"Yes, it can interfere with digestion by blocking bile ducts and affecting enzyme production."
How does pancreatic cancer cause jaundice?,"It blocks the bile duct, causing bile to build up in the blood, leading to yellowing of the skin and eyes."
Does alcohol increase pancreatic cancer risk?,"Heavy alcohol consumption can lead to chronic pancreatitis, which increases the risk of pancreatic cancer."
What is the connection between pancreatitis and pancreatic cancer?,Chronic pancreatitis is a significant risk factor for developing pancreatic cancer over time.
Are there any genetic tests for pancreatic cancer?,"Yes, genetic testing can identify inherited mutations like BRCA1, BRCA2, and PALB2 linked to pancreatic cancer."
How does pancreatic cancer affect blood sugar levels?,It can cause diabetes by damaging insulin-producing cells in the pancreas.
Can pancreatic cancer be treated with immunotherapy?,Immunotherapy is being studied for pancreatic cancer but is not yet a standard treatment.
What role does radiation therapy play in treating pancreatic cancer?,Radiation therapy helps shrink tumors and may be used before or after surgery.
What is targeted therapy for pancreatic cancer?,Targeted therapy uses drugs that specifically attack cancer cells with certain mutations.
Can pancreatic cancer cause depression or anxiety?,"Yes, many patients experience emotional distress due to the diagnosis and treatment challenges."
Is there a vaccine for pancreatic cancer?,"There is no approved vaccine, but researchers are studying potential vaccines in clinical trials."
What is the role of clinical trials in pancreatic cancer treatment?,"Clinical trials test new treatments, offering patients access to experimental therapies."
How can family members support someone with pancreatic cancer?,"Providing emotional support, helping with medical appointments, and assisting with daily tasks can be beneficial."
What is the difference between benign and malignant pancreatic tumors?,"Benign tumors do not spread and are not cancerous, while malignant tumors grow uncontrollably and can spread."
Can pancreatic cancer be detected early?,"Early detection is difficult, but high-risk individuals may undergo screening with imaging tests."
What are the risk factors for pancreatic cancer?,"Risk factors include smoking, obesity, chronic pancreatitis, diabetes, and genetic mutations."
How does chronic pancreatitis relate to pancreatic cancer?,Chronic inflammation in the pancreas increases the risk of cancer development over time.
Can pancreatic cancer cause weight loss?,"Yes, unintended weight loss is a common symptom due to metabolism changes and appetite loss."
What is the impact of pancreatic cancer on digestion?,"It can reduce enzyme production, leading to poor digestion and malabsorption of nutrients."
Are pancreatic cysts always cancerous?,"No, most pancreatic cysts are benign, but some can become cancerous over time."
How does pancreatic cancer affect liver function?,"It can spread to the liver, causing dysfunction and symptoms like jaundice and bloating."
What is a pancreatic biopsy?,A biopsy involves taking a tissue sample from the pancreas to confirm the presence of cancer.
What is the role of endoscopic ultrasound in diagnosis?,Endoscopic ultrasound (EUS) helps visualize the pancreas and guide biopsies.
Can pancreatic cancer cause fatigue?,"Yes, cancer-related fatigue is common due to metabolic changes, weight loss, and treatment side effects."
Does pancreatic cancer affect bowel movements?,"Yes, it can cause diarrhea, constipation, or pale-colored stools due to bile duct obstruction."
Can stress increase the risk of pancreatic cancer?,"There is no direct link, but chronic stress can contribute to unhealthy lifestyle choices that increase risk."
What is a distal pancreatectomy?,"A distal pancreatectomy is a surgery to remove the body and tail of the pancreas, often for tumors in those areas."
What is a total pancreatectomy?,"A total pancreatectomy removes the entire pancreas and part of nearby organs, leading to lifelong diabetes."
Can pancreatic cancer cause blood clots?,"Yes, pancreatic cancer increases the risk of deep vein thrombosis (DVT) and other clotting disorders."
How does pancreatic cancer affect appetite?,"It can cause loss of appetite due to metabolic changes, nausea, and digestion problems."
What is the connection between BRCA mutations and pancreatic cancer?,"BRCA1 and BRCA2 mutations increase the risk of pancreatic cancer, especially in families with a history of the disease."
Can pancreatic cancer spread to the brain?,"Though rare, advanced pancreatic cancer can metastasize to the brain."
What is the role of aspirin in pancreatic cancer prevention?,"Some studies suggest aspirin use may lower the risk, but more research is needed."
What is the role of bile in digestion?,"Bile helps break down fats, and its obstruction in pancreatic cancer can cause digestive issues."
Can pancreatic cancer cause high blood sugar levels?,"Yes, pancreatic tumors can interfere with insulin production, leading to diabetes."
What is the best diet for pancreatic cancer patients?,"A low-fat, high-protein diet with small, frequent meals and enzyme supplements is often recommended."
Can pancreatic cancer affect kidney function?,"Yes, advanced pancreatic cancer can impact kidney function due to dehydration and metabolic changes."
How does pancreatic cancer affect mental health?,"Many patients experience anxiety, depression, and emotional distress due to their diagnosis."
Can pancreatic cancer cause skin itching?,"Yes, bile duct obstruction can lead to jaundice and severe itching."
Are there vaccines available to prevent pancreatic cancer?,"No, but research is ongoing to develop vaccines for pancreatic cancer prevention and treatment."
Can pancreatic cancer cause difficulty swallowing?,"Yes, tumors pressing on the digestive tract can lead to swallowing difficulties."
How do doctors determine pancreatic cancer stage?,"Staging is based on tumor size, lymph node involvement, and metastasis using imaging tests and biopsies."
What is the role of a gastroenterologist in pancreatic cancer?,A gastroenterologist helps diagnose and manage symptoms related to digestion and the pancreas.
Can pancreatic cancer cause fluid buildup in the abdomen?,"Yes, advanced pancreatic cancer can lead to ascites, causing fluid accumulation in the abdomen."
Is surgery always an option for pancreatic cancer?,"No, only patients with localized tumors may qualify for surgery. Advanced cases are treated with other methods."
What is stereotactic body radiation therapy (SBRT)?,SBRT is a precise form of radiation therapy used to target pancreatic tumors with minimal damage to nearby tissues.
Can herbal remedies cure pancreatic cancer?,"No, but some herbs may help with symptom management. Always consult a doctor before using alternative treatments."
What is the most aggressive form of pancreatic cancer?,Pancreatic adenocarcinoma is the most aggressive and common form of pancreatic cancer.
Can pancreatic cancer cause a blocked stomach?,"Yes, tumors can block the stomach outlet, causing nausea and vomiting."
Can pancreatic cancer return after treatment?,"Yes, pancreatic cancer has a high recurrence rate, even after successful treatment."
How does pancreatic cancer cause back pain?,"The tumor may press on nerves or nearby organs, causing persistent back pain."
What is the role of nanotechnology in pancreatic cancer treatment?,Nanotechnology is being researched for targeted drug delivery to pancreatic tumors.
Can pancreatic cancer affect the gallbladder?,"Yes, bile duct obstruction can cause gallbladder swelling and inflammation."
What is pancreatic cancer?,Pancreatic cancer is a disease in which malignant (cancer) cells form in the tissues of the pancreas.
What are the symptoms of pancreatic cancer?,"Symptoms include jaundice, abdominal pain, weight loss, nausea, and new-onset diabetes."
How common is pancreatic cancer?,Pancreatic cancer is the 12th most common cancer worldwide but has one of the lowest survival rates.
What causes pancreatic cancer?,"The exact cause is unknown, but risk factors include smoking, obesity, chronic pancreatitis, and genetic mutations."
Can pancreatic cancer be prevented?,"While not entirely preventable, reducing risk factors like smoking, obesity, and maintaining a healthy diet may help."
Is pancreatic cancer hereditary?,About 10% of cases are hereditary. Genetic testing can help assess risk in families with a history of the disease.
How is pancreatic cancer diagnosed?,"Diagnosis includes imaging tests like CT, MRI, and PET scans, along with biopsy and tumor marker tests."
What is the role of CA 19-9 in pancreatic cancer?,CA 19-9 is a tumor marker that can help monitor pancreatic cancer but is not reliable for early diagnosis.
Can pancreatic cancer be cured?,"It can be cured if detected early and surgically removed, but most cases are diagnosed at an advanced stage."
What are the treatment options for pancreatic cancer?,"Treatments include surgery, chemotherapy, radiation therapy, targeted therapy, and immunotherapy."
What is the survival rate of pancreatic cancer?,The five-year survival rate is around 10% but varies depending on the stage at diagnosis.
What are the early signs of pancreatic cancer?,"Early signs may include unexplained weight loss, digestive issues, back pain, and jaundice."
What is the Whipple procedure?,"The Whipple procedure is a surgery to remove part of the pancreas, small intestine, gallbladder, and bile duct."
Can diabetes be a sign of pancreatic cancer?,"Yes, sudden onset diabetes, especially in older adults, can sometimes be an early indicator of pancreatic cancer."
What is the link between smoking and pancreatic cancer?,Smoking is a major risk factor and increases the risk of pancreatic cancer by about two to three times.
How does obesity affect pancreatic cancer risk?,"Obesity is linked to a higher risk of pancreatic cancer, likely due to inflammation and insulin resistance."
Can pancreatic cysts turn into cancer?,"Some pancreatic cysts, like mucinous cysts, have the potential to become cancerous over time."
What is the function of the pancreas?,The pancreas produces insulin to regulate blood sugar and digestive enzymes to help break down food.
What is pancreatic adenocarcinoma?,"Pancreatic adenocarcinoma is the most common type of pancreatic cancer, arising from exocrine cells."
What are neuroendocrine pancreatic tumors?,These are rare tumors that arise from hormone-producing cells in the pancreas and may grow slower than adenocarcinoma.
How does pancreatic cancer spread?,"It can spread through the lymphatic system, blood, and nearby organs such as the liver and lungs."
Are there screening tests for pancreatic cancer?,"Currently, there are no standard screening tests, but high-risk individuals may undergo imaging tests."
What foods increase pancreatic cancer risk?,"Diets high in red and processed meats, fried foods, and sugary drinks may increase the risk."
What foods help lower pancreatic cancer risk?,"A diet rich in fruits, vegetables, whole grains, and lean proteins may help lower the risk."
What is palliative care for pancreatic cancer?,Palliative care focuses on symptom relief and improving quality of life for patients with advanced cancer.
Can pancreatic cancer cause digestive problems?,"Yes, it can interfere with digestion by blocking bile ducts and affecting enzyme production."
How does pancreatic cancer cause jaundice?,"It blocks the bile duct, causing bile to build up in the blood, leading to yellowing of the skin and eyes."
Does alcohol increase pancreatic cancer risk?,"Heavy alcohol consumption can lead to chronic pancreatitis, which increases the risk of pancreatic cancer."
What is the connection between pancreatitis and pancreatic cancer?,Chronic pancreatitis is a significant risk factor for developing pancreatic cancer over time.
Are there any genetic tests for pancreatic cancer?,"Yes, genetic testing can identify inherited mutations like BRCA1, BRCA2, and PALB2 linked to pancreatic cancer."
How does pancreatic cancer affect blood sugar levels?,It can cause diabetes by damaging insulin-producing cells in the pancreas.
Can pancreatic cancer be treated with immunotherapy?,Immunotherapy is being studied for pancreatic cancer but is not yet a standard treatment.
What role does radiation therapy play in treating pancreatic cancer?,Radiation therapy helps shrink tumors and may be used before or after surgery.
What is targeted therapy for pancreatic cancer?,Targeted therapy uses drugs that specifically attack cancer cells with certain mutations.
Can pancreatic cancer cause depression or anxiety?,"Yes, many patients experience emotional distress due to the diagnosis and treatment challenges."
Is there a vaccine for pancreatic cancer?,"There is no approved vaccine, but researchers are studying potential vaccines in clinical trials."
What is the role of clinical trials in pancreatic cancer treatment?,"Clinical trials test new treatments, offering patients access to experimental therapies."
How can family members support someone with pancreatic cancer?,"Providing emotional support, helping with medical appointments, and assisting with daily tasks can be beneficial."
What is the difference between benign and malignant pancreatic tumors?,"Benign tumors do not spread and are not cancerous, while malignant tumors grow uncontrollably and can spread."
Can pancreatic cancer be detected early?,"Early detection is difficult, but high-risk individuals may undergo screening with imaging tests."
What are the risk factors for pancreatic cancer?,"Risk factors include smoking, obesity, chronic pancreatitis, diabetes, and genetic mutations."
How does chronic pancreatitis relate to pancreatic cancer?,Chronic inflammation in the pancreas increases the risk of cancer development over time.
Can pancreatic cancer cause weight loss?,"Yes, unintended weight loss is a common symptom due to metabolism changes and appetite loss."
What is the impact of pancreatic cancer on digestion?,"It can reduce enzyme production, leading to poor digestion and malabsorption of nutrients."
Are pancreatic cysts always cancerous?,"No, most pancreatic cysts are benign, but some can become cancerous over time."
How does pancreatic cancer affect liver function?,"It can spread to the liver, causing dysfunction and symptoms like jaundice and bloating."
What is a pancreatic biopsy?,A biopsy involves taking a tissue sample from the pancreas to confirm the presence of cancer.
What is the role of endoscopic ultrasound in diagnosis?,Endoscopic ultrasound (EUS) helps visualize the pancreas and guide biopsies.
Can pancreatic cancer cause fatigue?,"Yes, cancer-related fatigue is common due to metabolic changes, weight loss, and treatment side effects."
Does pancreatic cancer affect bowel movements?,"Yes, it can cause diarrhea, constipation, or pale-colored stools due to bile duct obstruction."
Can stress increase the risk of pancreatic cancer?,"There is no direct link, but chronic stress can contribute to unhealthy lifestyle choices that increase risk."
What is a distal pancreatectomy?,"A distal pancreatectomy is a surgery to remove the body and tail of the pancreas, often for tumors in those areas."
What is a total pancreatectomy?,"A total pancreatectomy removes the entire pancreas and part of nearby organs, leading to lifelong diabetes."
Can pancreatic cancer cause blood clots?,"Yes, pancreatic cancer increases the risk of deep vein thrombosis (DVT) and other clotting disorders."
How does pancreatic cancer affect appetite?,"It can cause loss of appetite due to metabolic changes, nausea, and digestion problems."
What is the connection between BRCA mutations and pancreatic cancer?,"BRCA1 and BRCA2 mutations increase the risk of pancreatic cancer, especially in families with a history of the disease."
Can pancreatic cancer spread to the brain?,"Though rare, advanced pancreatic cancer can metastasize to the brain."
What is the role of aspirin in pancreatic cancer prevention?,"Some studies suggest aspirin use may lower the risk, but more research is needed."
What is the role of bile in digestion?,"Bile helps break down fats, and its obstruction in pancreatic cancer can cause digestive issues."
Can pancreatic cancer cause high blood sugar levels?,"Yes, pancreatic tumors can interfere with insulin production, leading to diabetes."
What is the best diet for pancreatic cancer patients?,"A low-fat, high-protein diet with small, frequent meals and enzyme supplements is often recommended."
Can pancreatic cancer affect kidney function?,"Yes, advanced pancreatic cancer can impact kidney function due to dehydration and metabolic changes."
How does pancreatic cancer affect mental health?,"Many patients experience anxiety, depression, and emotional distress due to their diagnosis."
Can pancreatic cancer cause skin itching?,"Yes, bile duct obstruction can lead to jaundice and severe itching."
Are there vaccines available to prevent pancreatic cancer?,"No, but research is ongoing to develop vaccines for pancreatic cancer prevention and treatment."
Can pancreatic cancer cause difficulty swallowing?,"Yes, tumors pressing on the digestive tract can lead to swallowing difficulties."
How do doctors determine pancreatic cancer stage?,"Staging is based on tumor size, lymph node involvement, and metastasis using imaging tests and biopsies."
What is the role of a gastroenterologist in pancreatic cancer?,A gastroenterologist helps diagnose and manage symptoms related to digestion and the pancreas.
Can pancreatic cancer cause fluid buildup in the abdomen?,"Yes, advanced pancreatic cancer can lead to ascites, causing fluid accumulation in the abdomen."
Is surgery always an option for pancreatic cancer?,"No, only patients with localized tumors may qualify for surgery. Advanced cases are treated with other methods."
What is stereotactic body radiation therapy (SBRT)?,SBRT is a precise form of radiation therapy used to target pancreatic tumors with minimal damage to nearby tissues.
Can herbal remedies cure pancreatic cancer?,"No, but some herbs may help with symptom management. Always consult a doctor before using alternative treatments."
What is the most aggressive form of pancreatic cancer?,Pancreatic adenocarcinoma is the most aggressive and common form of pancreatic cancer.
Can pancreatic cancer cause a blocked stomach?,"Yes, tumors can block the stomach outlet, causing nausea and vomiting."
Can pancreatic cancer return after treatment?,"Yes, pancreatic cancer has a high recurrence rate, even after successful treatment."
How does pancreatic cancer cause back pain?,"The tumor may press on nerves or nearby organs, causing persistent back pain."
What is the role of nanotechnology in pancreatic cancer treatment?,Nanotechnology is being researched for targeted drug delivery to pancreatic tumors.
Can pancreatic cancer affect the gallbladder?,"Yes, bile duct obstruction can cause gallbladder swelling and inflammation."
